title,score,id,url,comms_num,created,body
Initiative Machines (LUNR) awarded NASA contract with max potential value of $4.82 billion!,1644,1fja7bm,https://investors.intuitivemachines.com/news-releases/news-release-details/nasa-awards-intuitive-machines-near-space-network-contract,453,2024-09-18 02:10:00,
On LUNR,716,1ewyk0w,https://www.reddit.com/r/wallstreetbets/comments/1ewyk0w/on_lunr/,288,2024-08-20 20:59:36,"Figured I'd make a post out of an upvoted comment I made to save yall the 4 minutes of googling-

Bunch of big nasa heads formed the company seeing how space is going to be privatized. Massive potential with IM2 lander, lunar rover (1 of 3 companies in final design stage for contract), and lunar satellites. Their stock tanked after their first lander tipped over due to them forgetting to remove a landing laser safety. That is an error, but you can bet it will never happen again. They were also first to land on the moon in decades. China pressure will increase lunar budget within gov. 

I don't want to dox myself too much but I'm an engineer and all of their calls and interviews sound like they really fuckin know what they're doing. 

Here is the ceo:
Mr. Altemus is co-founder, President, and Chief Executive Officer of Intuitive Machines. Before founding Intuitive Machines in December 2012, Mr. Altemus was appointed to serve as the Deputy Director of NASA‚Äôs Johnson Space Center, a position he held until June 2013. Formerly Director of Engineering from July 2006 to December 2012, Mr. Altemus served as the leader and steward of Johnson Space Center‚Äôs engineering capabilities in support of NASA‚Äôs human spaceflight programs, projects, and technology activities. Mr. Altemus is also a director of Intuitive Aviation, a subsidiary of Intuitive Machines. Mr. Altemus received a B.S. in Aeronautical Engineering from Embry Riddle Aeronautical University, where he now serves as a member of the Engineering Advisory Board, and an M.S. in Engineering Management from the University of Central Florida. He joined NASA‚Äôs Kennedy Space Center and the Space Shuttle Program in 1989, where he held progressively more responsible positions working in Space Shuttle operations, launch, and landing activities. He served as the Columbia Reconstruction Director after the loss of the Space Shuttle Columbia on February 1, 2003. In January 2005, he joined Johnson Space Center, serving as the Deputy Director of Engineering, and was subsequently selected as Director in July 2006. Mr. Altemus is an award-winning engineer and leader. He has been presented with the Federal Engineer of the Year award from the National Society of Professional Engineers, Distinguished Alumni Award from Embry-Riddle Aeronautical University, and Johnson Space Center‚Äôs Engineering Legacy Award.


Q: (from u/LittleWhite0nRice)
You seem really knowledgeable on this industry. I've done a lot of DD on them and they seem great. But my question is: what's their future outlook for expansion? It seems like most space exploration companies are private and won't use LUNR so their consumer is NASA which can be defunded easily. Why keep spending money going to the moon? 

A:
Lander missions and rover are the short term. Lunar satellites are the long term. Providing *the* communications network for lunar truckstop to Mars is a pretty sci fi concept but thats how they'd go from 1-off missions and a market cap of $500M to something in the double digit $B. This plan is already in action- ""The [IM3] mission is also scheduled to carry a data relay satellite, Khon2, which it will deploy to travel to the L2 Earth-Moon libration point. The mission can also carry approximately 1000 kg of secondary payloads to lunar transfer orbit."" This is currently scheduled for Oct 25. 

Source: https://nssdc.gsfc.nasa.gov/nmc/spacecraft/display.action?id=IM-3-NOVA#:~:text=The%20main%20component%20of%20IM,of%20payload%20to%20the%20surface.

Positions- Shares, 2, 5, and 10 dollar calls spread between Jan '24 into 2025.

TLDR: LUNR is legit. WSB effect could create a squeeze, but I am in long term. I don't think there is a need to FOMO and get it right now, if there is a spike from WSB, you can wait for goldfish brains here to lose focus and for it to come down a bit and get in October or November."
I put it all in on LUNR,754,1f804uj,https://i.redd.it/mf6gmftlklmd1.jpeg,287,2024-09-03 19:06:32,Dumped
Double digits tomorrow $LUNR üöÄ,696,1fjhien,https://i.redd.it/e5ve3drl4hpd1.jpeg,178,2024-09-18 07:22:08,Double digits tomorrow 
LUNR got the contract!,810,1f4cj7u,https://www.reddit.com/r/wallstreetbets/comments/1f4cj7u/lunr_got_the_contract/,416,2024-08-30 01:54:39,"[https://www.streetinsider.com/Globe+Newswire/Intuitive+Machines+Strengthens+Lunar+Service+Capabilities+with+%24116.9+million+NASA+Lunar+Contract+Award/23667254.html](https://www.streetinsider.com/Globe+Newswire/Intuitive+Machines+Strengthens+Lunar+Service+Capabilities+with+%24116.9+million+NASA+Lunar+Contract+Award/23667254.html)

  
I have 40 shares at $5.65, let's see what happens!"
Call me LUNR MAN,832,1fju5uq,https://i.redd.it/7kovvcydvkpd1.png,146,2024-09-18 19:57:45,
Big options trade on LUNR possibly hinting at privileged information. ,87,1ffl1o4,https://www.benzinga.com/insights/options/24/09/40839546/spotlight-on-intuitive-machines-analyzing-the-surge-in-options-activity,60,2024-09-13 08:48:48,"First Section for those that don‚Äôt wanna click:

- ‚ÄúHigh-rolling investors have positioned themselves bullish on Intuitive Machines LUNR, and it's important for retail traders to take note. \This activity came to our attention today through Benzinga's tracking of publicly available options data. The identities of these investors are uncertain, but such a significant move in LUNR often signals that someone has privileged information.

Today, Benzinga's options scanner spotted 10 options trades for Intuitive Machines. This is not a typical pattern.

The sentiment among these major traders is split, with 70% bullish and 20% bearish. Among all the options we identified, there was one put, amounting to $53,400, and 9 calls, totaling $488,000.‚Äù"
$2.5k ‚Äî> 18.5k Thanks LUNR,1004,1fjtftm,https://v.redd.it/asqmmjeupkpd1,112,2024-09-18 19:26:33,"Not gonna lie, holding through the first spike was tough but definitely worth the extra 3k."
LUNR Has Likely Won the $525 Million NSNS Contract,2289,1ewry5l,https://i.redd.it/da51l6pjosjd1.jpeg,644,2024-08-20 15:48:43,This contract is payable over the course of 10 years and guarantees revenue. They posted this job opening a few days ago and the CEO alluded to it at the end of the teleconference of their earnings report last week. All I‚Äôm saying is they are about to announce they won a contract twice as large as their market cap.
Not getting off this üöÄ yet $LUNR,762,1ay6efn,https://i.redd.it/9fwys46sedkc1.jpeg,448,2024-02-23 23:02:33,Been a believer since December and it‚Äôs all house money now.
I sold Nvidia puts + ASTS and LUNR calls,669,1f9m9he,https://i.redd.it/eyz6qzrzqzmd1.png,140,2024-09-05 18:47:57,
LUNR YOLO,666,1axyuw7,https://i.redd.it/kluv3kmasbkc1.jpeg,354,2024-02-23 17:34:44,"Went all in. This is so dumb it might just work.
"
"Ok, I‚Äôll be the one who asks‚Ä¶how did so many people know about LUNR before Wednesday of last week?",573,1azpy7k,https://www.reddit.com/r/wallstreetbets/comments/1azpy7k/ok_ill_be_the_one_who_askshow_did_so_many_people/,394,2024-02-25 20:33:12,"I‚Äôd like to think that I follow the news pretty closely. However, I never heard about the lunar landing until last week. 

From what it seems by all the arguments on Reddit, this was also the case for a lot of other people. If you were someone who bought LUNR back when it was at $5, how did you hear about it? 

I saw it pop up as a stock on my screener a while back but it was just one of many available in a huge lists of stocks that rose a little (I only remember seeing it because I liked its name). I don‚Äôt research every penny stock that rises, though. 

So, like I said earlier‚Ä¶for those of you who got into LUNR extremely early, how did you know to buy it over a week ago? Do you guys actually research the majority of penny stocks? Are you SpaceX fans who closely follow every space mission? Did you see it pop up as a stock in a scanner and randomly looked into it; you randomly researched it and noticed it was going to be part of a landing mission in the near future?

Those of us who didn‚Äôt see it until late last week would like to know how the smart individuals knew in advance. Please share some of your wisdom with us!
"
LUNR Massively shorted 3 huge NASA contract awards to be announced in next 2 weeks,358,1ew532j,https://www.reddit.com/r/wallstreetbets/comments/1ew532j/lunr_massively_shorted_3_huge_nasa_contract/,216,2024-08-19 21:13:28,"[$LUNR](https://x.com/search?q=%24LUNR&src=cashtag_click)  
Very positive earnings report  
beat and raise on guidance  
paid off all remaining debt  
enough cash on hand to fund the next 12 months  
Expecting 3 big contract decisions in next 3 weeks including official word from NASA that NSNS reward will be in august as well as NASA reply to viper mission  
IM-2 set to launch on the moon Dec (stock did a 6X last IM launch)  
$10 PT out on post earnings by cantor and benchmark

The NSNS contract is reported to be worth up to $540M nearly double the current mkt cap of [$LUNR](https://x.com/search?q=%24LUNR&src=cashtag_click)  
As noted from the earnings call transcript CEO said they have OFFICIAL confirmation from NASA that phase 1 award announcement will be in august phase 2 in September.  
Imminent catalysts in A heavily shorted name in the hottest sector in the mkt love the risk reward here

They even have already posted a hiring for the nsns deal 

[https://spacecrew.com/space-jobs/lzxskqse-intuitive-machines-software-systems-engineering-lead-nsns](https://spacecrew.com/space-jobs/lzxskqse-intuitive-machines-software-systems-engineering-lead-nsns)

CEO also said at the end of the call last week he looks forward to updating on rewards for next week 

again this is estimated to be $542 million dollar deal 20% short interest.

Intuitive Machines is competing for NASA's Near Space Network Services (NSNS) contract. Here are the key details about this contract:  
Contract Overview  
The NSNS contract aims to provide communications services for missions operating within 2 million kilometers of Earth, including on and around the moon. It's part of NASA's efforts to establish infrastructure for lunar and deep space exploration.  
Contract Structure  
The NSNS contract is divided into two separate awards:  
Direct-to-Earth communications  
Relay services  
Timeline and Value  
The award for the NSNS contract was expected to be announced in August or September 2024.  
While the exact value hasn't been disclosed, it's considered a significant opportunity for the winning company.  
Intuitive Machines' Position  
Intuitive Machines believes it is uniquely positioned to win this contract due to several factors:  
Their successful IM-1 mission, which marked a significant U.S. lunar landing.  
Their experience in providing lunar data services.  
Their capability to deliver orbiting lunar data satellites.  
Potential Impact  
Winning this contract would be a major milestone for Intuitive Machines, as it would:  
Strengthen their position in the lunar exploration market.  
Provide a significant boost to their revenue and backlog.  
Enhance their relationship with NASA for future projects.  
The company's CEO, Steve Altemus, has expressed confidence in their chances of winning the NSNS contract, citing their recent mission success and relevant experience.

https://preview.redd.it/f1bwsiei5njd1.jpg?width=1080&format=pjpg&auto=webp&s=912fd5828c2b004d3bacd4b564f42a536f5b35ba

[https://spacenews.com/intuitive-machines-seeks-to-take-over-nasas-viper-lunar-rover/](https://spacenews.com/intuitive-machines-seeks-to-take-over-nasas-viper-lunar-rover/)

list of catlaysts also important to note CEO said on last weeks call they have OFFICIAL CONFIRMATION from NASA that NSNS contract award decision will be in august

Near Space Network Services (NSNS) Contract Awards:

* CP-22 (next CLPS) Award: Expected in August 2024
* Mission Launches:
   * IM-2 Mission: December 2024 - January 2025
   * IM-3 Mission: October-November 2025
* VIPER Mission Proposal:
   * RFI submission: August 2024
   * Expected NASA feedback: September 2024
   * Potential mission launch: Late 2027 (tentative)
* OSAM Project Funding: $174.5 million marked up for 2025
* Lunar Terrain Vehicle (LTV) Deployment: 2027-2028 timeframe
* Response to NASA's RFI on commercializing VIPER: August 2024
* Potential DoD contract phase progression (unnamed project): Timeframe not specified
* Ongoing execution of JETSON low-power nuclear satellite contract
* Final milestone payments for IM-2 mission: Early 2025 (assuming January 2025 launch)"
$6000 in $LUNR calls ‚Ä¶ gunna fly right into urANUS ,499,1ex28ya,https://i.redd.it/jb3fsxdvxujd1.jpeg,120,2024-08-20 23:24:31,"18x 9/27: $5C
10x 1/25: $5C
5x 1/25: $1C

Someone‚Äôs mom is getting fucked tonight ü•µ"
Not as rich as some of you but it's a lot for me. Thanks LUNR,521,1fm6447,https://www.reddit.com/gallery/1fm6447,79,2024-09-21 21:23:53,
LUNR CEO sells 1.2 Million shares,393,1eyzt9j,https://finance.yahoo.com/news/intuitive-machines-inc-lunr-ceo-230224651.html,115,2024-08-23 06:29:20,"He sold 1.2 million shares on August 20th and has 910,919 shares remaining according to this article.

Tough scenes "
19K LUNR YOLO - We Out Here,636,1axowcx,https://www.reddit.com/r/wallstreetbets/comments/1axowcx/19k_lunr_yolo_we_out_here/,150,2024-02-23 07:41:19,"&#x200B;

https://preview.redd.it/mf6v4ur7u8kc1.jpg?width=1544&format=pjpg&auto=webp&s=8f02d142938632a25c2783b924080781fe2e75ec

Bought a mix of 2000 shares of LUNR yesterday. Boy it feels good to be on the right side of the moon. 

Cost basis right now ofabout $9.42 and can't wait to see where it goes from here.

To the moon we go!"
MOON LAND YOLO LUNR üöÄüöÄ,288,1ay5x84,https://i.redd.it/gikons0lbdkc1.jpeg,254,2024-02-23 22:44:38,We go to the move or crash back to earth 
LUNR - Looks like I'm all in too,248,1f9jlrf,https://i.redd.it/cqhe8mbl2zmd1.jpeg,117,2024-09-05 16:30:42,
$60k profit shorting Trump's social media company (and weed stocks). Easiest money on the planet.,6823,1fo7gnv,https://i.redd.it/z8q28shkupqd1.png,377,2024-09-24 13:46:32,
Insider sold $1.11M worth of LUNR shares right before launch day,602,1az0dzv,https://www.reddit.com/r/wallstreetbets/comments/1az0dzv/insider_sold_111m_worth_of_lunr_shares_right/,96,2024-02-24 23:10:59,"&#x200B;

https://preview.redd.it/k1dowq80lkkc1.png?width=1107&format=png&auto=webp&s=812d0790df54127f1ee8322adef0431026303029"
LUNR contract gonna slap,117,1f83sd8,https://i.redd.it/ph8idyjpbmmd1.jpeg,107,2024-09-03 21:38:27,"LUNR 10k shares at $4.96 

u/j1022 let‚Äôs ride this to Valhalla. "
The Quietest Moon Mission You Don't Know About $LUNR,195,1askh8a,https://www.reddit.com/r/wallstreetbets/comments/1askh8a/the_quietest_moon_mission_you_dont_know_about_lunr/,191,2024-02-17 03:11:58,"There is a LITERAL moon mission happening and many of you are too busy chasing the ghost of $NVDA, getting trampled by $SMCI, or wishing for a do-over with $ARM to actually notice. 

Yeah, semiconductors were cool, but that party is looking a bit crowded and tapped out. Not to mention some of you are definitely down bad after some big brain timing on those trades. So why not take a shot to bet on something no private company has EVER done or anyone has done for over 50 years?

Full article, quick read. üëá https://www.aljazeera.com/news/2024/2/15/private-company-shoots-for-first-us-moon-landing-in-more-than-50-years

For those that can't spare 3 minutes to read, a couple of VERY important cliffnotes from the article:

- The lunar lander took off this past Wednesday for the moon in a bid to make the first United States landing since the Apollo missions more than half a century ago. If successful, it will be the first moon landing achieved by a privately owned spacecraft, (Science geeks definitely grabbed the vaseline this week),

- Only the US, Russia, China, India and Japan have EVER achieved a lunar landing; Absolutely no private business has done this ($LUNR would be 1 of 1),

- NASA is paying Intuitive Machines $118M to get its latest set of experiments to the moon (If they're successful, more $$$ and contracts will follow)

The landing is set to happen on the 22nd of February and it will be all over media outlets while Elon Musk tweets about it so he can avoid talking about $TSLA

Intuitive Machines is a company at the forefront of space exploration. The stock ($LUNR) closed below $7.50 today and the warrants are just over a $1 ($LUNRW). 

Depending upon the reception, I'll write up a dedicated bull and bear case before Tuesday. 

It's a long weekend. Buy a ticket to the moon and thank me later. If you're not gonna strap in, fight me in the comments."
Yesterday was just the beginning.. LUNR to $20,143,1exiow9,https://www.reddit.com/r/wallstreetbets/comments/1exiow9/yesterday_was_just_the_beginning_lunr_to_20/,103,2024-08-21 12:07:49,"https://preview.redd.it/07gtprbnpyjd1.jpg?width=810&format=pjpg&auto=webp&s=6733ef134e01535a990e819208fa5069107abc82

"
Praying for tomarrow tomarrow üöÄ ,1930,1fmwy52,https://i.redd.it/akbik6s0ydqd1.jpeg,589,2024-09-22 21:44:01,Was down to my last 10k and put 6k into 8$ calls when it was around 5$
$LUNR | Darkside Of The Moon | 55K YOLO,103,1avmlr6,https://www.reddit.com/r/wallstreetbets/comments/1avmlr6/lunr_darkside_of_the_moon_55k_yolo/,149,2024-02-20 22:30:00,"LUNR Position.

https://preview.redd.it/59wvo1dutrjc1.png?width=1020&format=png&auto=webp&s=587d05a3b4c70f650f2ea0a2b19490b0b546f44d

I was originally in with 11K shares of Spirit Airlines ($SAVE), but my covered calls got assigned.  
I decided to try my luck with LUNR and may be holding until Thursday AH, when they expect a successful moon landing.

I aped in when the intra-day price was up over 50% so it looks like my degenerate nature is back.

I still have a spare 20K if this goes to moon dust, maybe I might try my hand on FOMC tomorrow.  
Until then regards, set your reminders for 48 hours.

**EDIT**  
Live Stream: [https://www.youtube.com/watch?v=k2pPHelrQr0](https://www.youtube.com/watch?v=k2pPHelrQr0)

**EDIT 2**I bought 1,390 more shares @ 12.92 pre market.

[This is now a 73.5K YOLO](https://preview.redd.it/14r9esno7yjc1.png?width=1210&format=png&auto=webp&s=729ebf2bc5970e5cca350af80813bca1e7177e85)

**EDIT 3**

https://preview.redd.it/pca9urv21zjc1.png?width=1133&format=png&auto=webp&s=763b70041d6ec88b3356b5c7f9e89715b7ddade4

Intraday chart, crime.  
This is a binary play, whatever happens at this point is just noise.

[Iron Hands](https://preview.redd.it/qj0m5wo51zjc1.png?width=912&format=png&auto=webp&s=ab720f268ee2e26471d2c7833ee0821352f5b1e8)

**EDIT 4**  
The CEO completed fucked over everyone.  
He knew damn well it had been tipped over or on its side the entire time.

Instead, this piece of shit pumps his stock with his false success tweets on Thursday night.  
It was all a ruse to dump on retail so that he could state in a press conference after hours on Friday.

I still think this stock is a value and a buy at 6-7 dollars, so I will hold for the time being (and maybe even sell some covered calls for a bit)."
LUNR gains,271,1ex084y,https://i.redd.it/yeirvksqjujd1.jpeg,37,2024-08-20 22:05:21,
"Warren Buffet bought a huge chunk of a ""Mystery Stock' was granted permission by SEC to not publicly list it, it will be revealed Saturday a",2879,1axnvdb,https://www.cnbc.com/2024/02/18/buffetts-berkshire-keeps-new-stock-pick-secret-again-what-it-means.html,1090,2024-02-23 06:51:43,
Massive LUNR Gains,102,1fpn6pa,https://www.reddit.com/gallery/1fpn6pa,43,2024-09-26 09:07:54,
"LUNR recovery, let‚Äôs go!!",86,1f4nl9e,https://i.redd.it/dju2vrtylqld1.jpeg,52,2024-08-30 10:58:57,
ASTS LAUNCH SUCCESS!,1525,1feyzqd,https://www.space.com/spacex-ast-spacemobile-bluebird-launch-september-2024,392,2024-09-12 15:41:37,
Sold the remainder of my LUNR calls (4k gain),193,1fjt9az,https://i.redd.it/7jfi0gb7okpd1.png,29,2024-09-18 19:18:32,
LUNR averaged at 10,128,1ay9wq6,https://i.redd.it/rcljidcq3ekc1.jpeg,94,2024-02-24 01:22:24,"I was holding 13100. Just added 10k more. 
This stock has only got upside. 
I WON'T PAPER HAND THIS."
LUNR ceasing operations (current mission) Tuesday,57,1b0mr63,https://finance.yahoo.com/news/sideways-moon-landing-cuts-mission-152620726.html,106,2024-02-26 22:40:36,
$LUNR play. Heavy on Calls.,127,1axpayh,https://i.redd.it/n4pkd33zx8kc1.jpeg,82,2024-02-23 08:01:13,Never bet against America baby. 
Made 400% on LUNR,101,1flfpli,https://i.redd.it/2mb8xtb7nzpd1.jpeg,35,2024-09-20 21:38:27,"Got lucky with CFDs. Risky but it played out.
Made ¬£4.7k when contract was awarded, ¬£1.6k with yesterday's rise, and ¬£1.4k when it rose from today's dip to $9.7
Hopefully I won't return next week with intense loss porn üòÖ"
Yesterday was just the beginning..... LUNR to $20,105,1exilpk,https://i.redd.it/1wv9uazkoyjd1.jpeg,40,2024-08-21 12:01:42,
YOLO IM-1 LUNR Intuitive Machines,51,1avsje3,https://i.redd.it/rxqui5cwzsjc1.jpeg,101,2024-02-21 02:23:29,I wanted to be part of the history!
LUNR Loss For 31K | Bag Holder's Delight | Down 40%,76,1b0kq79,https://www.reddit.com/r/wallstreetbets/comments/1b0kq79/lunr_loss_for_31k_bag_holders_delight_down_40/,89,2024-02-26 21:19:22,"**Position**

https://preview.redd.it/czl1iaukaykc1.png?width=884&format=png&auto=webp&s=cad394ced9bad3e42ce793a49a96e15e737fa698

I sold some covered calls to hopefully try and recoup a few bucks.  
There's no way the CEO didn't know it was sideways from the start, yet pumped it up for wall street.

This may be the hopium talking, but I still like this play at 6-7 dollars and will buy 100-200 shares every time I theta gang this and then transfer whatever premiums back out of my brokerage.  
"
"Took the gains, thanks LUNR!",156,1fjutaw,https://i.redd.it/u4628cic0lpd1.png,24,2024-09-18 20:25:23,
The past few weeks around here,2594,1exhhj2,https://i.redd.it/0znjh1w6cyjd1.png,172,2024-08-21 10:50:08,
LUNR to the moon! Again & Again!!,86,1fl460a,https://i.redd.it/3cum8r80awpd1.jpeg,27,2024-09-20 10:19:08,
Late Night DD: Who Owns $LUNR?,69,1av96nf,https://www.reddit.com/r/wallstreetbets/comments/1av96nf/late_night_dd_who_owns_lunr/,74,2024-02-20 10:19:51,"I meant to post this earlier, but got sidetracked by homemade sliders and beer earlier today. 

So let's have a quick look at who owns $LUNR...

The co-founders of Intuitive Machines ($LUNR) are Stephen Altemus, a NASA veteran and engineer by training, Timothy Crain, a NASA veteran engineer as well, and Kam Ghaffarian, a serial entrepreneur with NASA roots who sold his first business to KBR for over $350M almost six years ago to the day. They all co-founded the company back in 2013. 

Ghaffarian has also co-founded several other companies that are still currently operating. One company is focused on private space missions and plans to build the first private space station ‚Äì maybe I‚Äôll do a write-up on all of his ownership holdings if an acquisition of $LUNR ends up being on the horizon.

**Here‚Äôs an ‚Äú****APPROXIMATE****‚Äù breakdown of ownership of the company:**

\- Stephen Altemus, Tim Crain (CTO of $LUNR), and Kam Ghaffarian, own somewhere between **45 - 70%** of the company,

\- Citadel has around a **5%** or less stake in the company

\- The CEO of the SPAC vehicle that took them public is still invested at a **\~5%** stake

\- Other investors include Armistice Capital, UPENN, and LMR Partners

[https://whalewisdom.com/stock/ipax](https://whalewisdom.com/stock/ipax) 

It‚Äôs difficult to get a precise calculation on ownership due to financial reporting lags relative to share movement (*e.g., stock awards, ‚Äútransfers out‚Äù, etc.)* that occurred within the company over the last year, so I used a combination of publicly available holdings statistics paired w/ the most recent 13G schedules to try and derive estimates on ownership stakes but admittedly, it‚Äôs hard to do when a number of sites are reporting net changes for institutions and individuals at different time periods. 

What is clear is that the three founders are very keen on keeping control of the company in the near term and no institution owns a more than **19%** stake in the firm at present. There may be some management selling in the near-term if the stock outperforms, but a greater than **50%** combined ownership stake signals to me that they either want to hold long-term or sell big at some point in the future (*via acquisition or if the stock performs significantly well*). 

Citadel owns somewhere between **2%** and **5%** of the shares outstanding and yes, this is the notorious Citadel Hedge Fund that was embroiled with the Robinhood saga a few years back. Take what you will from that, but Ken Griffin is a respected Wall-Street veteran and industry titan. He also has his own small personal stake in the company and this does mean something despite him being a billionaire cartoon villain. 

[https://www.sec.gov/Archives/edgar/data/1844452/000110465924024113/tm245287d2\_sc13ga.htm](https://www.sec.gov/Archives/edgar/data/1844452/000110465924024113/tm245287d2_sc13ga.htm) 

Michael Blitzer, who has been the CEO of Inflection Point Acquisition Corp. since February 2021, remains a key shareholder (**\~5%**) after completion of its business combination with Intuitive Machines last February. 

My biggest takeaway from looking at transactions in $LUNR post their de-spac in 2023 was that there appears to only have been 3 sales since 2023 ‚Äì and they all appear to have been private sales. In over a year, the number of insiders who have sold shares is surprisingly less than 3.  

[https://www.barchart.com/stocks/quotes/LUNR/insider-trades](https://www.barchart.com/stocks/quotes/LUNR/insider-trades) 

There you have it. **TLCR:** Founders still own a ton of shares, Citadel is invested - Ken Griffin personally, a couple of notable funds are invested including a venerable collegiate institution, and the CEO of the SPAC who brought them to market is still invested. 

At the opening bell tomorrow, choose a side; either way, it‚Äôs gonna be a very interesting ride."
It's been a wild week,1489,1fkthcu,https://i.redd.it/ogf4q3r8ntpd1.jpeg,205,2024-09-20 01:28:34,
My LUNR cards ,75,1f852cd,https://i.redd.it/mkb4l3zkkmmd1.jpeg,24,2024-09-03 22:28:12,"Also holding a $6 call with a $68k value. Only 5k in stock right now but I may exercise some options. Total value ~165k. 

I‚Äôve followed IM closely for 2 years now. Bought in several months ahead of IM1 landing last year and cashed out upon touchdown. I plan to increase my stock and options positions. Excellent company, excellent team, excellent culture, and an emerging excellent track record. These guys are so well positioned I can‚Äôt think of a better bet right now. "
3k to 120k in roughly a month,2155,1axo3j7,https://www.reddit.com/gallery/1axo3j7,397,2024-02-23 07:02:38,Todays gains and YTD gains thanks to SMCI and semi conductors
LUNR To the Moon... literally,60,1aq5bxa,https://www.washingtonpost.com/technology/2024/02/13/intuitive-machines-lunar-lander-launch/,71,2024-02-14 03:07:57,
Here is why LUNR spiked today ,54,1f8ax08,https://www.reddit.com/r/wallstreetbets/comments/1f8ax08/here_is_why_lunr_spiked_today/,27,2024-09-04 02:19:23,"I have had some LUNR calls and was shocked when I saw LUNR start rising unexpectedly, especially during this red day. My initial assumption was that some insiders got the news that LUNR was given the NSNS contract from NASA and artificially lowered the price of the stock so they could buy at a low and then sell when the news was released. However, my assumptions were false and the spike today was due to a collaboration with Imagine Dragons and Bethesda.

""Imagine Dragons will also team up with¬†Bethesda Games Studio, for a live debut of their track, ‚ÄúChildren of the Sky (A Starfield Song).‚Äù Additionally, the track ‚Äúwill be transmitted back to Earth from the surface of the Moon as part of Lonestar‚Äôs Freedom Mission flying with Intuitive Machines to the South Lunar Pole in early 2025,‚Äù per a release""

Source: [https://www.yahoo.com/entertainment/imagine-dragons-live-debut-starfield-160000275.html](https://www.yahoo.com/entertainment/imagine-dragons-live-debut-starfield-160000275.html)

This with NSNS contract news that can drop any day now will most likely increase LUNR stock to unseen heights. In addition, I think space stocks are going to be the new A.I. stock in the coming years because both political candidates support space travel and expansion. Furthermore, when the Artemis II goes off it will generate public awareness (Manned flyby missions) which could mean more investments into space.  Artemis II is expected to launch in September 2025 so a lot of time to start investing. Lastly, Artemis III will launch in September 2026 and it will be the first crewed landing since Apollo 17. Apollo 11 had 650 million viewers so imagine how much viewership Artemis III will bring especially when more people will have access to watch it and the fact we have not stepped on the moon like 50 years. As always, this is not financial advice, and go LUNR!!!!"
NASA has awarded Intuitive Machines ($LUNR) $30 million as a prime contractor to complete a Lunar Terrain Vehicle Services contract. ,100,1bv43zo,https://x.com/int_machines/status/1775618162899214656?s=46&t=QxPbfCKfANDywllcx-dgPA,51,2024-04-04 02:29:27,
US to the (literal) Moon - LUNR,90,1ay2yxk,https://www.reddit.com/r/wallstreetbets/comments/1ay2yxk/us_to_the_literal_moon_lunr/,58,2024-02-23 20:47:33,"Successful landing on the South Pole of the moon yesterday. First US landing in 50+ years. Private company, used SpaceX launch and carried NASA equipment. PT upgraded 

https://www.investing.com/news/stock-market-news/intuitive-machines-shares-target-raised-to-14-after-moon-landing-93CH-3312956"
LUNR YOLO,44,1c1gww3,https://i.redd.it/6pxcbalw4vtc1.jpeg,55,2024-04-11 20:16:31,"Intuitive machines is literally going to the moon, and if you don‚Äôt think this stock has the same potential as SpaceX then you‚Äôre wrong! 

Millions in contracts already with NASA, lots of growth and future potential. Great team and leadership. Competing with multiple other large scale defense contractors and supplies countless valuable technologies for space missions and exploration. Just won a contract to oversee other clear defense contractors while building a lunar rover for NASA. Probably a lot more contract announcements to come. 

I may be regarded, but analysts are wayyy below the PT with most estimating $10-$15. This thing is going to hit $40 or higher in the next few months just before they launch another moon mission in Q4 of the calendar year. Their last launch was basically successful, so the next one definitely will be.

The CEO of LUNR will be speaking on CNBC later today where they may announce some big news. Trust me, this stock is the biggest win for commercial space exploration anyone has ever seen since SpaceX, and backed by a couple billionaires that actually have a brain. If you don‚Äôt believe me, check out their website. 

I‚Äôve YOLO‚Äôd about $6k in ridiculous strikes over the next few months because we‚Äôre going to the moon! Let‚Äôs do this!!! "
This is fine üî• added another 1000 shares at a discount üöÄ $LUNR,79,1b40jkp,https://i.redd.it/bc4mtvb4grlc1.jpeg,54,2024-03-01 23:19:08,"Down from $41k a week ago but still going strong. Added 1000 more shares at a discount.

- Mar 19-21 Odie wakes up
- Mar 28 Q4 earnings conference call and guidance

I‚Äôll be selling the rest of you regarded apes covered calls until then. Still as bullish as ever."
"What Are Your Moves Tomorrow, September 10, 2024",333,1fcysma,https://www.reddit.com/r/wallstreetbets/comments/1fcysma/what_are_your_moves_tomorrow_september_10_2024/,4894,2024-09-10 01:27:12,[View Post](https://sh.reddit.com/r/wallstreetbets/comments/1fcysma)
LUNR ‚ÄúBASED‚Äù DD,66,1av2fo7,https://www.reddit.com/r/wallstreetbets/comments/1av2fo7/lunr_based_dd/,57,2024-02-20 05:03:43,"**Preface:** I am not an astrophysicist, nor am I an acoustic space nerd. This is my first space stock. I am fairly new to investing in general. This is DEFINITELY not financial advice. I‚Äôm sure this will be highly regarded going forward‚Ä¶

Intuitive Machines symbol LUNR has launched Nova-C to deliver payloads to the moon. This will be the first moon landing completed by america in over 50 years and as far as I know, the first moon landing completed by a private company. The Nova-C is only a day away from being in the moon's orbit and about two days away from landing. The success in the landing will be a monumental moment for this company, but also incredibly pivotal. This will be revolutionary for the commercialization of space and the Nova-C is just the beginning. With goals of delivering payloads and eventually retrieving precious materials from space, this company clearly has a strong future. For more general information and more technical DD reference this post: [https://www.reddit.com/r/pennystocks/comments/1atnihy/the\_value\_of\_lunr\_and\_why\_it\_could\_spike\_up\_500/](https://www.reddit.com/r/pennystocks/comments/1atnihy/the_value_of_lunr_and_why_it_could_spike_up_500/)

**Will it Fail?:** I was nervous to bet on the launch because we‚Äôve seen countless failed launches, but how many failed landings have you seen? We haven't landed on the moon in awhile, but we have never failed an actual landing. Now, to be fair, we‚Äôve had failed moon missions because of technical difficulties in the spacecraft that occurred BEFORE the actual landing. Such as [Apollo 13](https://nssdc.gsfc.nasa.gov/planetary/lunar/ap13acc.html#:~:text=The%20Apollo%2013%20malfunction%20was,it%20to%20lose%20oxygen%20rapidly.) or Intuitive Machines leading competitor, [Astrobotics, recent failure because of a fuel leak/Native American Curse](https://apnews.com/article/moon-landing-launch-private-nasa-0987b31b201b78c3935f1bfbf9a7cade) (more on that later). When have we ever failed a landing on the ISS? Never. Now again, I am not talking about missions being aborted before attempting touch down, I am talking about the literal moment of landing, which at this point is really all that‚Äôs left for the Nova-C. We have never failed this. (If we have someone please send me a source, most of this information was gathered in about 30 minutes.)

Is there still a chance we fail the landing? Of course. Are the chances of failing lower than ever? Yes. Our technology for trajectory and directional control in space has been stable for a long time, breaking out of the atmosphere is the hard part, the landing is straightforward. Especially for this company! They SPECIALIZE in accurate landings. Bard said this, ‚ÄúIntuitive Machines: Uses Nova-C, a single-stage lander designed for precise lunar landings and delivering payloads. They leverage existing technologies and partner with other companies for specific needs.‚Äù They're landing tech is perfected beyond belief, just look at this [inspiring animation](https://www.youtube.com/watch?v=gYK5n6fcnyc).[ ](https://www.youtube.com/watch?v=gYK5n6fcnyc)

On this current mission they are set to deliver [5 NASA payloads](https://nssdc.gsfc.nasa.gov/nmc/spacecraft/display.action?id=IM-1-NOVA). That means, fucking NASA, trusts this company to handle their billion dollar instruments, instead of just delivering it themselves. Apparently it's cheaper for NASA to deliver this way, but either way that is a lot of trust. THIS company will be responsible for aLL commercial payloads going forward. They will have a monopoly on delivering custom contracted research equipment and other payloads to space. Here are all the payloads the Nova-C is carrying:

&#x200B;

[Current Update: Nova-C is expected to be in the moon‚Äôs orbit by the 21st. They plan on announcing the time of the landing tomorrow, the 20th. They are currently looking to land sometime in the afternoon on February 22nd and will be live streaming the event on their website.](https://preview.redd.it/xjwy342mmmjc1.png?width=646&format=png&auto=webp&s=5efed552c58b4831c4756efec759ae2eda004954)

I‚Äôm planning on purchasing 1000 or so shares tomorrow, I will post a screenshot when I do.

Bonus Bull: Their main competitor has [**LITERALLY BEEN CURSED BY NATIVE AMERICANS.**](https://apnews.com/article/moon-landing-launch-private-nasa-0987b31b201b78c3935f1bfbf9a7cade)

**‚ÄúAstrobotic drummed up its own freight business, packing the 6-foot-tall (1.9-meter-tall) Peregrine lander. On board the lander: a chip of rock from Mount Everest, toy-size cars from Mexico and ashes and DNA of deceased space enthusiasts, including ‚ÄúStar Trek‚Äù creator Gene Roddenberry and science fiction writer Arthur C. Clarke.**

**The Navajo Nation recently sought to have the launch delayed because of the human remains. saying it would be a ‚Äúprofound desecration‚Äù of a celestial body revered by Native Americans. Astrobotic chief executive John Thornton said the December objections came too late but promised to try to find ‚Äúa good path forward‚Äù with the Navajo for future missions.‚Äù**

Nova-C clearly has god on their side, but do they also have anime? We‚Äôll see‚Ä¶

TL;DR: Rocket go up, Stock go up"
LUNR ,142,1ewz8vo,https://i.redd.it/tgkyi82xcujd1.jpeg,14,2024-08-20 21:27:05,"Bought these calls at open today as soon as I saw the LUNR post. 

"
"What Are Your Moves Tomorrow, September 20, 2024",286,1fktg56,https://www.reddit.com/r/wallstreetbets/comments/1fktg56/what_are_your_moves_tomorrow_september_20_2024/,6272,2024-09-20 01:27:14,[View Post](https://sh.reddit.com/r/wallstreetbets/comments/1fktg56)
"Most Anticipated Earnings Releases for the week beginning March 18th, 2024",912,1beuont,https://i.redd.it/wuh8xctywcoc1.png,1203,2024-03-15 01:39:30,
"What Are Your Moves Tomorrow, August 26, 2024",312,1f15adf,https://www.reddit.com/r/wallstreetbets/comments/1f15adf/what_are_your_moves_tomorrow_august_26_2024/,5328,2024-08-26 01:27:12,[View Post](https://sh.reddit.com/r/wallstreetbets/comments/1f15adf)
Why am I so bad at this?,913,1az142u,https://www.reddit.com/r/wallstreetbets/comments/1az142u/why_am_i_so_bad_at_this/,1116,2024-02-24 23:40:24,"Like I get I might be a regard but why am I so bad at options trading when I‚Äôm a ‚Äúfinance‚Äù major (BA in Econ, Masters in Accounting, CPA, Series 7 etc) and understand all the concepts but when it comes time to make decisions, I‚Äôve watched financially uneducated people make 10 baggers with ease. 

Somehow knowing what implied volatility is doesn‚Äôt help me make decisions successfully. 

I can have all the knowledge in the world but my decisions seem to be all wrong when looking after the fact. 

What if I just took time to come up with a decision and just went inverse to myself.

I went 0dte NVDA long on Friday and long calls on LUNR. I‚Äôve lost more money on options than I wish I had, close to 25k. Edit: (lost 25k last year not on these two option plays I‚Äôm whining about)

Then I see guys here who turn 5k into 150k which might be the exception but gives me the dumb hope I can do it too. "
RushHour's Top 10 Reasons on Why You Invest in LUNR,27,1axgaif,https://www.reddit.com/r/wallstreetbets/comments/1axgaif/rushhours_top_10_reasons_on_why_you_invest_in_lunr/,57,2024-02-23 01:40:16,"UPDATE: ""Your order was delivered‚Ä¶ to the Moon! üì¶

r/IntuitiveMachines' uncrewed lunar lander landed at 6:23pm ET (2323 UTC), bringing NASA science to the Moon's surface. These instruments will prepare us for future human exploration of the Moon under #Artemis."" - [Via NASA on X](https://x.com/NASA/status/1760811461943722132?s=20)

TLDR: Originally invested at $6.70 and averaged up when consolidating accounts. It is for $10.3K with 1,105 shares at a $9.31 average. I'm now in for $650.00 of call options as well.

Since learning about the Intuitive Machines mission to the moon, I've been very bullish regarding the stock for LUNR. If you have not invested in this stock, you might want to give it a look today since they are about to make history. Here are my top 10 reasons why you should consider LUNR or LUNRW.

Background: IM-1 is the second US-based Commercial Lunar Payload Services lander mission since Apollo 17 on December 11, 1972.

The first mission was Peregrine Mission One by Astrobotic Technology, Inc. The mission launched on January 8, 2024, and just hours after launch, the Astrobotics team confirmed the mission was in jeopardy. They identified issues with orienting the spacecraft for charging the batteries and a propellant leak. With the unsolvable propellant leak, the Astrobotics team abandoned the mission and performed a controlled re-entry over the South Pacific on January 18th under the advisement of NASA and the space community. Peregrine Mission One never left Earth orbit.

IM-1 Mission Facts

1. First Commercial Lunar Payload Services mission to launch using a SpaceX Falcon 9 rocket. \[February 15, 2024\]
2. Successfully fired the first liquid methane and liquid oxygen engine in space. \[February 16, 2024\]
3. First US-based mission to successfully leave Earth orbit (successful trans-lunar insertion). \[February 15, 2024\]
4. First Commercial Lunar Payload Services mission to successfully transmit images to Earth during its transfer orbit. \[February 16, 2024\]
5. Completed two trajectory correction maneuvers. The second burn was completed with enough precision to eliminate needing a third burn. \[February 20, 2024\]
6. First US-based mission to successfully enter Lunar orbit (successful lunar orbit insertion). \[February 21, 2024\]
7. The mission is making international headlines across multiple news outlets after successfully orbiting the moon. \[February 21, 2024\]
8. The mission managers and flight controllers have done an excellent job handling this mission's guidance, navigation, and control. After lunar orbit insertion, they performed corrective burns to optimize overall efficiency and improve the estimated landing time twice, from 16:30 CT to 15:26 CT. \[February 22, 2024\]
9. The stock has shown a significant improvement after the most recent update from Intuitive Machines, which provided an earlier-than-expected landing time for the second time. Rising 12.25% from $8.99 to $10.11 within 1 hour and 23 minutes. Currently, the stock is trending near $9.00/share as of 3:00 PM ET. \[February 22, 2024\]
10. Intuitive Machines is an American-based company based in Houston, TX. Do you need any more persuasion other than investing in an American company that is just hours away from landing on the moon?"
"Daily Discussion Thread for September 18, 2024",232,1fjp1ou,https://www.reddit.com/r/wallstreetbets/comments/1fjp1ou/daily_discussion_thread_for_september_18_2024/,15169,2024-09-18 15:27:11,[View Post](https://sh.reddit.com/r/wallstreetbets/comments/1fjp1ou)
"What Are Your Moves Tomorrow, August 21, 2024",298,1ex5b79,https://www.reddit.com/r/wallstreetbets/comments/1ex5b79/what_are_your_moves_tomorrow_august_21_2024/,7339,2024-08-21 01:27:20,[View Post](https://sh.reddit.com/r/wallstreetbets/comments/1ex5b79)
Space is the next big trend after AI,1100,1b0il15,https://www.reddit.com/r/wallstreetbets/comments/1b0il15/space_is_the_next_big_trend_after_ai/,655,2024-02-26 19:47:53,"If I‚Äôm not mistaken in terms of real products (shitcoins aren‚Äôt a product son) the massive last bubbly runs we had are : 

- EV‚Äôs 
- AI powering chips 

I am talking about something that does not make any sense, the whole industry gets inflated to preposterous levels because of a general euphoria for the industry no matter how shitty their product or business model is (NIO, Rivian, SMCI etc‚Ä¶). 

And we have seen the enthusiasm surrounding $LUNR achievements this past week, the stock went from ‚âà$2 to ‚âà$11 in a few weeks ! 

Now imagine when we are going to land actual people onto the moon. Imagine how excited mainstream media is going to be, how excited we are all going to be here on this future easy short that we call Reddit ! 

Everybody will be talking about space, from your wife‚Äôs boyfriend to your friends who hate you to your alcoholic father. The astronauts will become stars like Buzz Aldrin & Neil Armstrong & whoever the third guy was back in the day. 

We are still a bit far from launch date but this industry is about to explode and it‚Äôs time to load the boat. 

SpaceX will IPO during this time as the excitement will be at an ATH and Elon Muskito nows that. 

What‚Äôs the next best thing ? Rocket. Fucking. Lab. 

I am all in $RKLB as they won‚Äôt shit the bed like $LUNR did and will one day also offer crewed missions. They are the only reliable company other than SpaceX in this space, they are the only ones flawlessly executing.

$RKLB is your next ticket to the moon and it‚Äôs time to board (gosh this is lame AF but very neat too so welcome and fuck you) 




"
"What Are Your Moves Tomorrow, September 05, 2024",249,1f92yle,https://www.reddit.com/r/wallstreetbets/comments/1f92yle/what_are_your_moves_tomorrow_september_05_2024/,6171,2024-09-05 01:27:11,[View Post](https://sh.reddit.com/r/wallstreetbets/comments/1f92yle)
"What Are Your Moves Tomorrow, September 12, 2024",245,1fejiqx,https://www.reddit.com/r/wallstreetbets/comments/1fejiqx/what_are_your_moves_tomorrow_september_12_2024/,5212,2024-09-12 01:27:11,[View Post](https://sh.reddit.com/r/wallstreetbets/comments/1fejiqx)
"What Are Your Moves Tomorrow, September 16, 2024",238,1fhllhp,https://www.reddit.com/r/wallstreetbets/comments/1fhllhp/what_are_your_moves_tomorrow_september_16_2024/,4154,2024-09-16 01:27:10,[View Post](https://sh.reddit.com/r/wallstreetbets/comments/1fhllhp)
"What Are Your Moves Tomorrow, September 30, 2024",208,1fsd7d4,https://www.reddit.com/r/wallstreetbets/comments/1fsd7d4/what_are_your_moves_tomorrow_september_30_2024/,4278,2024-09-30 01:27:08,[View Post](https://sh.reddit.com/r/wallstreetbets/comments/1fsd7d4)
"Daily Discussion Thread for August 22, 2024",249,1eyfea3,https://www.reddit.com/r/wallstreetbets/comments/1eyfea3/daily_discussion_thread_for_august_22_2024/,13767,2024-08-22 15:27:11,[View Post](https://sh.reddit.com/r/wallstreetbets/comments/1eyfea3)
"What Are Your Moves Tomorrow, September 23, 2024",218,1fn22hv,https://www.reddit.com/r/wallstreetbets/comments/1fn22hv/what_are_your_moves_tomorrow_september_23_2024/,3631,2024-09-23 01:27:12,[View Post](https://sh.reddit.com/r/wallstreetbets/comments/1fn22hv)
Thanks RKLB,1153,1etp93p,https://i.redd.it/uy4gt2s661jd1.jpeg,192,2024-08-16 19:17:42,If I wasn‚Äôt busy living in a Wendy‚Äôs dumpster I could‚Äôve bought more.
"What Are Your Moves Tomorrow, August 30, 2024",231,1f4buwf,https://www.reddit.com/r/wallstreetbets/comments/1f4buwf/what_are_your_moves_tomorrow_august_30_2024/,6513,2024-08-30 01:27:10,[View Post](https://sh.reddit.com/r/wallstreetbets/comments/1f4buwf)
"Daily Discussion Thread for August 21, 2024",232,1exlml7,https://www.reddit.com/r/wallstreetbets/comments/1exlml7/daily_discussion_thread_for_august_21_2024/,13393,2024-08-21 15:27:11,[View Post](https://sh.reddit.com/r/wallstreetbets/comments/1exlml7)
"Most Anticipated Earnings Releases for the week beginning September 2nd, 2024",294,1f4bzd7,https://i.redd.it/eb6es24ssnld1.png,1494,2024-08-30 01:32:06,
"What Are Your Moves Tomorrow, September 24, 2024",181,1fnts16,https://www.reddit.com/r/wallstreetbets/comments/1fnts16/what_are_your_moves_tomorrow_september_24_2024/,4040,2024-09-24 01:27:11,[View Post](https://sh.reddit.com/r/wallstreetbets/comments/1fnts16)
"What Are Your Moves Tomorrow, August 27, 2024",215,1f1xnhw,https://www.reddit.com/r/wallstreetbets/comments/1f1xnhw/what_are_your_moves_tomorrow_august_27_2024/,5392,2024-08-27 01:27:13,[View Post](https://sh.reddit.com/r/wallstreetbets/comments/1f1xnhw)
"Daily Discussion Thread for August 28, 2024",193,1f368eh,https://www.reddit.com/r/wallstreetbets/comments/1f368eh/daily_discussion_thread_for_august_28_2024/,14418,2024-08-28 15:27:11,[View Post](https://sh.reddit.com/r/wallstreetbets/comments/1f368eh)
LUNR to the moon!!,63,1fl5h4m,https://i.redd.it/j99lmu6zpwpd1.jpeg,7,2024-09-20 11:48:39,Surpass ASTS and get to $50?
LUNR Investigation,0,1fpxmkq,https://www.prnewswire.com/news-releases/shareholder-alert-levi--korsinsky-llp-notifies-shareholders-of-an-investigation-concerning-possible-breaches-of-fiduciary-duty-by-certain-officers-and-directors-of-intuitive-machines-inc-nasdaq-lunr-302259248.html,13,2024-09-26 20:02:39,
"Daily Discussion Thread for September 11, 2024",168,1fe6d4o,https://www.reddit.com/r/wallstreetbets/comments/1fe6d4o/daily_discussion_thread_for_september_11_2024/,10866,2024-09-11 15:27:10,[View Post](https://sh.reddit.com/r/wallstreetbets/comments/1fe6d4o)
"Daily Discussion Thread for September 05, 2024",173,1f9imhc,https://www.reddit.com/r/wallstreetbets/comments/1f9imhc/daily_discussion_thread_for_september_05_2024/,9432,2024-09-05 15:27:12,[View Post](https://sh.reddit.com/r/wallstreetbets/comments/1f9imhc)
LUNR: Nothing crazy like you sometimes see here but at least a tidy profit with 4k shares,58,1fjtth6,https://i.redd.it/472m5cycskpd1.png,7,2024-09-18 19:42:56,
"Daily Discussion Thread for September 30, 2024",131,1fsrucv,https://www.reddit.com/r/wallstreetbets/comments/1fsrucv/daily_discussion_thread_for_september_30_2024/,7407,2024-09-30 15:27:11,[View Post](https://sh.reddit.com/r/wallstreetbets/comments/1fsrucv)
"Daily Discussion Thread for August 26, 2024",185,1f1kdyl,https://www.reddit.com/r/wallstreetbets/comments/1f1kdyl/daily_discussion_thread_for_august_26_2024/,8714,2024-08-26 15:27:11,[View Post](https://sh.reddit.com/r/wallstreetbets/comments/1f1kdyl)
"Weekend Discussion Thread for the Weekend of September 13, 2024",133,1fg3wpm,https://www.reddit.com/r/wallstreetbets/comments/1fg3wpm/weekend_discussion_thread_for_the_weekend_of/,6706,2024-09-14 01:27:12,[View Post](https://sh.reddit.com/r/wallstreetbets/comments/1fg3wpm)
Intuitive Machines (LUNR) - Space exploration company undergoing a major financial recovery,21,1bdaktg,https://www.reddit.com/r/wallstreetbets/comments/1bdaktg/intuitive_machines_lunr_space_exploration_company/,36,2024-03-13 03:54:17,"**Intuitive Machines (LUNR)** designs, manufactures, and operates space products and services in the US. Its space systems and space infrastructure enable scientific and human exploration and utilization of lunar resources to support sustainable human presence on the moon. The company offers ¬µNova, a lunar rocket-fueled drone, lunar surface rover services, fixed lunar surface services, rideshare delivery services, lunar access services, lunar orbit delivery services, and lunar data network services, as well as content sales and marketing. It also offers aerospace engineering services to **NASA** and the aerospace industry.  


LUNR is currently holding over the $5 a share level ($11 last month), having spiked above $40 a share upon its listing in February 2023.  


What I quickly noticed during my initial research is that they blew past Q2 and Q3 earnings estimates, as shown below (EPS in dollars). This equated to net income of $30mn and $34mn, respectively.  


https://preview.redd.it/xhu3leypaznc1.png?width=696&format=png&auto=webp&s=7784ac316c15c86abced2f5a28fd3858c1763bac

What was the biggest red flag to me (but please read to the end) is that its total liabilities in Q3 2023 stand at $422mn, compared to total assets of $103mn. They are very debt heavy. BUT in the space of 6 months from May - September 2023, they reduced total liabilities from $957mn to $422mn.  


If the firm can keep positive cashflow, then at this rate they could have a healthy balance sheet within the year. Total cash levels currently sit at $41mn.  


https://preview.redd.it/trhru0puaznc1.png?width=694&format=png&auto=webp&s=03426828b6df5ecee4cbcf0888d7e477d1320193

LUNR report their Q4 2023 results on **21 March 2024**. Another big earnings beat and a continued reduction in total liabilities will provide a huge green light to investors. The federal reserve interest rate cuts will also spur further debt reductions.  
Short selling activity is currently low according to S&P Global.   


https://preview.redd.it/8zuw3ce1bznc1.png?width=508&format=png&auto=webp&s=45a53b80ea1847daa87cbee6bf44d2756e70bf22

Analysts under the Financial Times have shifted to outperform compared to the same period last year: 

https://preview.redd.it/begpwsl6bznc1.png?width=569&format=png&auto=webp&s=4964ec2de547ca1a4577ebab31e3769f18313209"
"Daily Discussion Thread for September 13, 2024",119,1ffqxd5,https://www.reddit.com/r/wallstreetbets/comments/1ffqxd5/daily_discussion_thread_for_september_13_2024/,8664,2024-09-13 15:27:12,[View Post](https://sh.reddit.com/r/wallstreetbets/comments/1ffqxd5)
LUNR YOLO,78,1ewzlkh,https://i.redd.it/jrvlp5mcfujd1.jpeg,5,2024-08-20 21:40:44,
"Daily Discussion Thread for September 25, 2024",94,1fp0p6v,https://www.reddit.com/r/wallstreetbets/comments/1fp0p6v/daily_discussion_thread_for_september_25_2024/,7180,2024-09-25 15:27:13,[View Post](https://sh.reddit.com/r/wallstreetbets/comments/1fp0p6v)
44K LUNR Loss Pr0n | Closed Out My Position Just Now | 51% LOSS,33,1b6ln8j,https://www.reddit.com/r/wallstreetbets/comments/1b6ln8j/44k_lunr_loss_pr0n_closed_out_my_position_just/,33,2024-03-05 02:14:37,"There you go you filthy animals.

https://preview.redd.it/nhh8pi93qdmc1.png?width=1214&format=png&auto=webp&s=49cd104882b4f9a18ef68b89a37afe8aa5a2835d

Enjoy it."
"Most Anticipated Earnings Releases for the week beginning September 23, 2024",160,1flg7dg,https://i.redd.it/lmo9798xqzpd1.jpeg,953,2024-09-20 21:59:18,
"What Are Your Moves Tomorrow, February 23, 2024",206,1axhkz7,https://www.reddit.com/r/wallstreetbets/comments/1axhkz7/what_are_your_moves_tomorrow_february_23_2024/,10373,2024-02-23 02:30:25,"Make sure you're in the [WSB Discord](https://discord.gg/wsbverse)!

Check out our [Earnings Thread](https://reddit.com/r/wallstreetbets/about/sticky?num=2) and [Rules](https://www.reddit.com/r/wallstreetbets/wiki/contentguide). DM the [mod inbox](https://www.reddit.com/message/compose/?to=/r/wallstreetbets)"
What does the first LUNR earnings report after landing on the moon look like? (Earnings tomorrow morning),18,1bjkxpv,https://www.reddit.com/r/wallstreetbets/comments/1bjkxpv/what_does_the_first_lunr_earnings_report_after/,14,2024-03-21 00:13:55,"Earnings tomorrow - this is uncharted territory after the moon landing.

These are exciting times. I think that while 2023 earnings may not be anything special, the outlook for 2024 and beyond is VERY exciting. 

Expecting the stock to get a really nice bump tomorrow morning."
what outerspace companies are going big in the next year?,184,1f6voyu,https://www.reddit.com/r/wallstreetbets/comments/1f6voyu/what_outerspace_companies_are_going_big_in_the/,350,2024-09-02 07:49:07,"what outerspace companies are going big in the next year?

so far we have:

* starlink (not publicly traded as of now)

* ast space mobile (asts) $29/share

* rocket lab (rklb) $6/share

* intuitive machines (lunr) $5/share

what else is out there (no pun intended)?"
"Daily Discussion Thread for February 23, 2024",129,1axxsr0,https://www.reddit.com/r/wallstreetbets/comments/1axxsr0/daily_discussion_thread_for_february_23_2024/,13542,2024-02-23 16:30:51,"Join [WSB's community voice chat](https://discord.com/channels/1037784194476163223/1083096862099263528), every day from 8:30am to whenever!

Check out our [Earnings Thread](https://reddit.com/r/wallstreetbets/about/sticky?num=2) and [Rules](https://www.reddit.com/r/wallstreetbets/wiki/contentguide)."
RKLB Wins US Air Force Contract,575,1fla9sf,https://i.redd.it/futbpsecuxpd1.png,107,2024-09-20 17:31:20,
My diamond in the rough,624,1avkzc8,https://i.redd.it/wl2okb3rirjc1.jpeg,249,2024-02-20 21:25:38,"Found this stock for next to nothing last year, it has been killing it and is up 50% right now while nvda and the rest of the market crashes..."
A little class for you regardless who don‚Äôt know what this pimp life is about ,363,1fbrkvg,https://www.reddit.com/r/wallstreetbets/comments/1fbrkvg/a_little_class_for_you_regardless_who_dont_know/,108,2024-09-08 12:12:18,"A little help on what options are for you regards 

I have been reading comments in here and I can‚Äôt believe you little dipgards can‚Äôt even have one aota of brain to think. Despite that I am here to save you and explain what it is you are exactly buying when you buy options‚Ä¶ 

Joe thinks $CHEESE will go up above 5$ soon. Joe however doesn‚Äôt want to buy a lot of $CHEESE stock because his money is tied up in $DICK, however he would be willing to buy $CHEESE later if it does go up. 

Joe goes to his friend Jack who owns 100 $CHEESEs and tells him‚Ä¶ ‚Äúhey Jack I will give you 60$ as long as you sell me your $CHEESEs for only 5$ even if it goes above that price up until next Friday. 

Joe paid Jack a *premium* of 60$ or .60 for a call on $CHEESE with a *strike price* of 5$ expiring next Friday. 
BASICALLY Joe is Long Call on $CHEESE. 

Now from Jacks POV: 
Jack has been jacking off like a regard to his $CHEESE which he bought at 2$. Jack thinks‚Ä¶ 

‚Äúhmm I don‚Äôt think $CHEESE will go to 5$ anytime soon, but if it did, 5$ sounds like a good price to pull out and sell it for green money to pay my wife‚Äôs boyfriend his rent. 

So now Joe comes along and offers Jack this opportunity to make some extra cash (premium) as long as he keeps his promise to sell it to Joe at 5$ (strike) even if it goes way above that‚Ä¶ 

The second Joe went long and offered him the premium, the call contract was created‚Ä¶ Joe went long call‚Ä¶ and Jack went short call. 

As the exp date comes closer, there is less chance for $CHEESE to moon, so the contract is less worth. This is called Theta üò®! It is good for Jack and bad for Joe.  Joe can now hand off the contract to someone else and sell for less (what some of us do here in WSB) or hold til it expires (what most of us do here in WSB). 

Now a contract covers 100 $CHEESE shares. So if $CHEESE goes to 6$ on expiration date. Joe could basically buy 100 $CHEESE from Jack for 5$ and sell it on the market for 6$. That is a profit of 1$ per share or 100$ total. Because anyone who holds this call could buy from Jack at 5$ and sell for 6$. This option is priced accordingly, meaning the option is worth 100$‚Ä¶ this is called *intrinsic value*! wow ü§©.  
If Joe can‚Äôt afford to buy 100 shares x5$ each for 500$  to sell for 600$. Joe can simply just sell the contract back to someone who can afford it. Because the option was priced accordingly to its intrinsic value, Joe makes the same amount of money as he would‚Äôve if he had 100 shares, but the option only cost him 60$. He made the same amount of profit with less investment, this is called üåà*leverage*‚ú®ü•≥ and we love it here! 

Thank you so much for listening to this! ü§§ im so happy you got to sit through story time and maybe learned about something! Let me know if you want a lesson on puts tomorrow! ‚ú® 

TLDR: Jack is short call Joe is long call. Whole lotta $CHEESE and $DICK. 

Positions: very berry long $LUNR and a forbidden small cap 2025calls. Will buy OXY  

Source: I‚Äôm a üí´ special specialüí´ smart student üßë‚Äçüéì"
The NVDA stake in SOUN is from 2017 you regards - Free money short,369,1b1fm0b,https://www.reddit.com/r/wallstreetbets/comments/1b1fm0b/the_nvda_stake_in_soun_is_from_2017_you_regards/,209,2024-02-27 21:40:58,"This piece of shit will die eventually 100%. NVDA has been an investor since 2017 and has done absolutely 0 with them. That's not going to change anytime soon. The company does $60M in revenue a year, loses a shit ton of money, and is worth $2B. Free money puts for this weeks after earnings.

Here's the source for the stake part of it: [Source](https://www.cnbc.com/2024/02/15/nvidia-holdings-disclosure-pumps-up-shares-of-small-ai-companies.html)

The media is just wanting you to pump this shit so hedgies can short the fuck out of it and print money. DONT BE A REGARD!

A short here literally cannot go tits up

edit: 20 $6 Put expiring 3/1 (all the money I have)

Update: after taking some advice from my fellow regards I bought a much larger position but at $3.50 strike for 3/15

"
I think I bet on the wrong horse,284,1fsh8ow,https://i.redd.it/57h3jk7ywtrd1.png,78,2024-09-30 04:30:46,
"We Ain‚Äôt Done, Take it All",259,1flj0re,https://i.redd.it/itixnsxic0qd1.jpeg,75,2024-09-21 00:00:23,"I truly deserve to be behind a dumpster at Wendy‚Äôs. 18k in Credit Card Debt. Another year, another personal low lol"
What will this look like at market open tomorrow,243,1fjec8a,https://i.redd.it/ljhjeyfuegpd1.png,76,2024-09-18 04:57:49,
I should probably be selling these right?,140,1au4zo8,https://i.redd.it/j4t16chbtejc1.jpeg,254,2024-02-19 02:41:40,
Whats your biggest ongoing bag holding?,54,1c0hng0,https://www.reddit.com/r/wallstreetbets/comments/1c0hng0/whats_your_biggest_ongoing_bag_holding/,285,2024-04-10 15:13:33,"I saw a post earlier saying how the OP had 3x'ed their account on a Wallstreetbets recommended stock / play and others joined in saying how well they had done. 

This got me curious: What WSB recommendation or play has left you holding the bag, and how badly did it go?

Currently, Tilray and Kopin are still kicking my ass, but hey, it's not a loss if you don't sell right...right?"
I am a true regard,77,1f5wmy1,https://www.reddit.com/r/wallstreetbets/comments/1f5wmy1/i_am_a_true_regard/,113,2024-09-01 01:56:00,"https://preview.redd.it/nlp9wdds62md1.jpg?width=1440&format=pjpg&auto=webp&s=66385a0f0d92491c6ac9a0be71e1244e50cb185e

Bought 1600 shares of LUNR at $5.92 with X5 leverage, as it was just climbing and climbing, even after market open. Right after I bought, it crashed to $5.5 and kept tanking. Do I wait until Nasa announce the decision of the bigger¬†contract?"
Yesterday was a good day ,383,1exmvxf,https://i.redd.it/1l40amf630kd1.jpeg,49,2024-08-21 16:43:11,"Most of this is from an as-yet unexplained 33% gain in LUNR stock, and a much larger gain in LUNR calls.

I know a lot of this is probably going to disappear in the short term, but I still feel pretty good about where it‚Äôs all going to land‚Ä¶

‚Ä¶so to speak.

Regards, regards!"
ASTS fence sitters worried about the September launch: VERY few Falcon 9 launches have failed overall. 99.39% Success Rate.,126,1eoleek,https://www.reddit.com/r/wallstreetbets/comments/1eoleek/asts_fence_sitters_worried_about_the_september/,69,2024-08-10 11:00:24,"According to the Wikipedia page for Falcon 9 and Falcon Heavy launches:

# Total launches: 326

# Successful launches: 324

# Failures: 2 (including one in-flight failure and one partial success)

# The failure rate is approximately 0.61%.

# The success rate is approximately 99.39%.

# Falcon 9 missions from January to August 2024.

# Total launches: 29

# Successful launches: 28

# Failures: 1

Everyone worrying that the rocket will explode and hedging your bets based on that, dont worry.

[https://en.wikipedia.org/wiki/List\_of\_Falcon\_9\_and\_Falcon\_Heavy\_launches](https://en.wikipedia.org/wiki/List_of_Falcon_9_and_Falcon_Heavy_launches)"
"When you play both sides, so it trades sideways",139,1fpy6jy,https://i.redd.it/255b9f4v36rd1.jpeg,40,2024-09-26 20:26:40,If $LUNR stays still this week and moons next week I‚Äôm cooked
NIO - The fire rises! DD inside,51,1ftci6s,https://www.reddit.com/r/wallstreetbets/comments/1ftci6s/nio_the_fire_rises_dd_inside/,46,2024-10-01 07:06:05,"I don't know what this sub has against NIO, probably the most guaranteed way to make money right now.

For the record my calls are 7c 10/18. I plan on rolling those into the future though.

Ok, let's start. NIO is still down almost 90% from it's ATH. NIO is not some no name, random company. It's here to stay. Sure it's had problems in the past, but it's trajectory is very similar to Tesla in a way... Where a small company was doubted over mistakes but began to grow rapidly.

1) In 2024, NIO is estimated to deliver approximately 220,000 cars, generating $10 billion in revenue. Assuming no change in monthly deliveries, NIO could reach 240,000 vehicles at 20,000 per month. They are projected to sell 16,000 cars in January and February, then 20,000 per month for the remainder of the year, totaling 232,000 vehicles. FIREFLY, expected to enter the market in January 2025, is assumed to sell 5,000 cars monthly for six months, then 10,000 per month, reaching 90,000 by year-end.

Revenue estimates:

NIO‚Äôs average revenue per car is $42,000, based on Q2 data (57,000 vehicles generating $2.4 billion), leading to $10 billion in total revenue for 2024.
Assuming an average price of $27,000 per car (with a 5% sales promotion), could generate $6 billion on 232,000 vehicles.
FIREFLY, at $20,000 per vehicle, would contribute $1.8 billion on 90,000 cars.
Total estimated revenue is around $18 billion. With improving gross margins and potential profitability, a P/S ratio of 3 would be reasonable for NIO, leading to a fair market valuation of $54 billion, or a target share price of $24.5 (based on 2.2 billion shares). These estimates don‚Äôt account for global expansion, improved margins, reduced R&D costs, revenue from battery swap stations, or a potential partnership with a major German carmaker to address EU tariffs.

2) **Citi raised Nio's price target to $8.90 from $7 and maintains a Buy rating, current price is $6.68, so that would be a 27% increase from here**, increasing volume estimates through 2026 based on sector trends. The firm also raised Nio‚Äôs multiple due to the upcoming Tesla Robotaxi event and Q4 car sales season. Citi sees a near-term catalyst from Golden Week order intake, which could boost confidence in Nio‚Äôs Firefly brand if successful.

3) Nio announced it has secured RMB3.3 billion in investment from strategic investors, including Hefei Jianheng, for NIO. Nio will invest RMB10 billion and retain an 88.3% stake, with the remaining 11.7% held by the investors and other shareholders.

4) Capital injection to boost the economy that everyone's been talking about.

CAN YOU SAY MOON (cake)?"
Is this normal and at those hours?,113,1azv8pi,https://i.redd.it/6yzohqoh0skc1.jpeg,88,2024-02-26 00:09:10,
When doubling and tripling down doesn‚Äôt work,167,1dpryu8,https://i.redd.it/drblvsape49d1.jpeg,44,2024-06-27 19:29:25,"Had some NVDA monthlies that I was up fairly big on, sold half, let the other half ride. Second half quickly plummeted. Figured I‚Äôd double down on the dip attempting to get back to even. Well the dip kept dipping and decided to just cut losses today. $5300 waiting to settle for tomorrow. I ain‚Äôt done yet! "
üöÄ The Commercial Space Age is Here.,63,1avmj1v,https://www.reddit.com/r/wallstreetbets/comments/1avmj1v/the_commercial_space_age_is_here/,91,2024-02-20 22:26:53,"# TLDR: $LUNR going to the moon. üöÄ

Space Economy is coming at us fast. With $LUNR upcoming moon landing this Thursday Feb 22, 2024 at. 5:49 pm ET. If successful, we are going to be witnessing the **FIRST** private company to achieve a lunar landing. Something that no one has done for the last 50 years.

‚≠ê **NASA trust them** and award them the $719 Million, 5-years OMES III contract.

1. [https://www.nasa.gov/news-release/nasa-awards-omnibus-multidiscipline-engineering-services-iii-contract/](https://www.nasa.gov/news-release/nasa-awards-omnibus-multidiscipline-engineering-services-iii-contract/)
2. [https://investors.intuitivemachines.com/news-releases/news-release-details/us-government-accountability-office-validates-nasas-719-million](https://investors.intuitivemachines.com/news-releases/news-release-details/us-government-accountability-office-validates-nasas-719-million)

‚≠ê All Three Founders believe in themselves too. They have greater than **50%** combined ownership of the company. [https://www.sec.gov/Archives/edgar/data/1844452/000110465924024113/tm245287d2\_sc13ga.htm](https://www.sec.gov/Archives/edgar/data/1844452/000110465924024113/tm245287d2_sc13ga.htm)

‚≠ê You can witness it live here on Feb 22: [https://www.youtube.com/watch?v=k2pPHelrQr0](https://www.youtube.com/watch?v=k2pPHelrQr0)

[Successful lunar launches + lunar landing. 23\/53. 43&#37; Success Rate.](https://preview.redd.it/kl1jsnp9jsjc1.png?width=1148&format=png&auto=webp&s=f02d6d77183e088448b65952bf07fa001961bcd7)

‚≠ê  They have 2 more attempts lined up, after this.

When they successfully land, all the media outlets are going to report this internationally, and you'll thanks me for this post. If they fail this time, they can just try it again. They have already multiply trips schedule and plan ahead.

Disclaimer: This is not investing advice. Went ham on today's opening. Current Position: $9.51.

**TLDR: $LUNR going to the moon. üöÄ**"
LIVE: Watch Intuitive Machines attempt first U.S. moon landing in over 50 years ‚Äî 2/22/2024,78,1axky9q,https://www.reddit.com/r/wallstreetbets/comments/1axky9q/live_watch_intuitive_machines_attempt_first_us/,82,2024-02-23 04:44:47,"Intuitive Machines (LUNR$) started live streaming 62 mins ago they are expected to land at 6:24 p.m. ET.

&#x200B;

[https://www.youtube.com/watch?v=rYJ9pychGkc](https://www.youtube.com/watch?v=rYJ9pychGkc)"
Untill tomarrow ig ,19,1forpjl,https://i.redd.it/qix8b1nunuqd1.jpeg,38,2024-09-25 05:57:18,
Intuitive Machines has been selected by Nasa for Lunar comms Studies,139,1fty5xe,https://www.nasa.gov/news-release/nasa-announces-selections-for-lunar-comms-network-studies/,19,2024-10-02 01:56:14,
Space race,53,1ew46a4,https://i.redd.it/t5c4oed4zmjd1.jpeg,38,2024-08-19 20:37:17,"Can someone explain why rocket labs is so favored on this sub vs intuitive machines?

Intuitive Machines (LUNR) is:
Already profitable. 
Landed something on the moon (it tripped on a rock, granted, but still!)
NASA contracts, including a bid for the VIPER rover.
Paid off debts.
Cheaper stock.

Rocket labs seems great as well, don't get me wrong, but it's odd to see such fervor over RL when IM is getting overlooked.

What am I missing?

Calls on both already, just looking for discussion. 
"
I burnt my tendies,129,1aykvl8,https://i.redd.it/4sdbv4o9hgkc1.jpeg,61,2024-02-24 09:21:50,
Gained 20k today with USD/JPY,32,1flf7b3,https://i.redd.it/t6uy1bncjzpd1.jpeg,31,2024-09-20 21:16:54,Beenwatching USD/JPY for
"üö¢ DD for Huntington Ingalls (HII), an explosively loaded policy profit",44,1f23cp9,https://www.reddit.com/r/wallstreetbets/comments/1f23cp9/dd_for_huntington_ingalls_hii_an_explosively/,34,2024-08-27 05:36:45,"First off, full transparency, I really like boats.

Sections
0) BLUF: New congressional policies are going to make $HII go to the moon üö¢üöÄüåï
1) Boats are important to the U.S. global supremacy (a short history)
1) The U.S. doesn't like it when people touch its boats
2) The U.S. will probably become a commercial shipping power
3) Huntington Ingalls Industries is already incredibly stable

** Bottom Line Up Front:**Congress is probably about to funnel hundreds of billions of $$ into Huntington Ingalls and General Dynamics to **revitalize the U.S. Navy and build a commercial shipping fleet possibly increasing revenue 10x**. People have put other DDs for $HII's strong financials but this primarily targets huge future growth catalysts.

**The U.S. wants to maintain global supremacy, a short history**
To start the DD off, we have to look at the Bretton Woods Conference. Post WWII, Europe is decimated and the US is essentially the world superpower. It invites the rest of the world leaders to a shack in New Hampshire, locks them in, gets them drunk, and 3 weeks later, out comes the World Bank, IMF, and IBRD. The whole world agrees that the U.S. will be the global economic power and in exchange, the U.S. will maintain freedom of the seas (make sure pirates aren't mean and that cargo ships don't get blown up). To do this, the U.S. Navy stands up a huge navy and asserts dominance over all of the oceans.

Fast forward to 2024, China is doing the same thing. They are expanding their navy (currently 355 warships and growing incredibly fast). They are building economic alliances around the globe and upsetting the global world order. The U.S. has ~290 warships and can only build ~11/yr putting us strongly behind China in naval size. With this disparity in mind, the U.S. is waking up to the fact that countries that previously played nice for the U.S. possibly only did so for protection of maritime trade (90% of traded goods are transported by sea which comes to be 10s of trillions of $).


**The U.S. doesn't like when people touch its boats**
Everybody knows the U.S. doesn't mess around when it comes to boats. The U.S. treats its boats like sovereign territory and if someone hits a U.S. boat they freak out. The U.S. has a bunch of ships parked in the Red Sea that just sit there and shoot Huthi missiles out of the sky with an astonishingly good record. Missiles are getting better though and defense probably isn't perfect. If a missile from the Huthis actually hits a U.S. ship congress will probably go bonkers at the idea that if some guys in a Hilux can blow up a U.S. warship, China and Russia definitely can. Congress will dump $$$$$$ into modernizing the U.S. Navy and realize that there are only two actual companies that can produce warships in the U.S.; Huntington Ingalls Industries ($HII) and General Dynamics ($GD). In addition, these two build ships at an incredibly slow rate and have low capacity. The U.S. not wanting to lose to anybody will have no choice but to dump an incredible amount of money into these two companies to expand their infrastructure, likely to the order of **$100 billion.** These two companies are the only shipbuilders with an extensive knowledge base for making warships and submarines, both are also the only two who are able to make nuclear ships which are attractive for a future navy. In addition to hundreds of billions of infrastructure improvements, there will be 10s or 100s of billions of dollars placed for warships as the U.S. fleet is incredibly aged and most ships need replacing or modernizing.

**The U.S. wants more commercial shipping power**
The U.S. is stuck between a rock and a hard place when it comes to commercial shipping. China, Japan, and Korea make up the majority of the world's ships. Because of the Jones Act, the U.S. shipping industry has essentially stalled entirely. Jones Act for reference requires any goods shipped from U.S. to U.S. to be on a U.S.-staffed, U.S.-built ship. This force makes U.S. cargo ships incredibly expensive to build. So much so that it is cheaper to permanently use other country's ships than to build a domestic maritime fleet. China and Korea conversely have massive cargo fleets. China continues to take a huge portion of the world trade, looking back to the U.S. lowering Naval force, countries begin to lose the incentive to trade with the U.S. To counter this, the U.S. needs to build a workable merchant fleet. Where China has over 5500 merchant ships, the U.S. has ~80 ships total. This is a huge disparity that is again going to require huge infrastructure upgrades which will be primarily awarded to current shipbuilders. Although there are slightly more commercial shipbuilders in the U.S., $HII remains in one of the best positions to pivot towards the industry, possibly bringing again 10s or 100s of billions of $. Congress has been doing research into this recently and has identified that the U.S. lacks almost any shipbuilding capability for a merchant fleet, threatening our world order. Again the U.S. doesn't like to lose and a new policy will likely arrive shortly.

**Why $HII and not $GD**
Both of these companies are going to profit an incredible amount from these probably new policies. $HII gives more exposure to the rapid growth though because almost their entire profit comes from ships. $GD by comparison is only about a quarter because they are diversified into several other industries.

HII specifically has an annual revenue of $11.5 billion and a backlog of $48.1 billion ships that have already been ordered. This, combined with the U.S. government's utter reliance on $HII and $GD, makes it an incredibly safe play. The company is far too big to fail and if it did fail, the U.S. could lose its global supremacy. Big Daddy Sam will just hand them some more money if they make any real mistakes. Again because there are only two shipbuilders, $HII continues to operate with almost no diversification as a shipbuilder giving them maximum exposure to the policy change. The aforementioned policies that are likely on the way would be in addition to the nearly guaranteed annual orders placed, most of which are almost a decade planned in advance if not more.

$HII and $GD have a huge edge over other U.S. defense contractors as well. Other defense contractors have charged huge amounts for R&D and when the U.S. is in a crunch they will just ramp up manufacturing. $HII by comparison has historically stalled because of Naval shrinkage. Shipbuilding is not something that can be easily automated and will require massive infrastructure increases in addition to raw ship orders.

Disclaimer, I own a bunch of $HII stock and $HII calls.

Edit: 42 shares ~$11,500, 6x 10/18/2024 calls, and 4x 260C 270C December bull spreads

**Here are some congressional reports**
https://sgp.fas.org/crs/weapons/RL32665.pdf

https://crsreports.congress.gov/product/pdf/RL/RL32665/408

https://crsreports.congress.gov/product/pdf/IF/IF12534"
Wish me luck boys ,47,1focw8l,https://i.redd.it/2m9s9kakhrqd1.jpeg,28,2024-09-24 19:16:43,"To the moon or to the Wendy‚Äôs 

Let‚Äôs find out together "
NVDA Call flows +852M -> -351M in first 20 min.,99,1avjjrm,https://www.reddit.com/r/wallstreetbets/comments/1avjjrm/nvda_call_flows_852m_351m_in_first_20_min/,60,2024-02-20 20:25:49,"Sentiment has changed rapidly. Lots of hedging happening, most notably with calls OI switching to sell side.

https://preview.redd.it/uiou2xyx7rjc1.png?width=473&format=png&auto=webp&s=e269747a4cd225df9565216eb2372013ee8f2b30

**Update: 2/20 9:30PM**

I did some crayon drawings. I know you like those. Essentially, put buying/selling was mostly flat today. Call selling was in control from the open until early afternoon. Bottomed out around 2:30PM and then we saw call buying into close. Take this as bullish or bearish as you please, I really have no idea what to expect tomorrow.

https://preview.redd.it/s4ocn170oujc1.png?width=1316&format=png&auto=webp&s=a1747612ed468b414160cc45556f0fef6f06669a

In addition, here is the volatility skew on NVDA for this Friday's exp. It is calls to the right, puts to the left which is the opposite of what you may be used to. I have never seen a volatility skew like this. It's not a smirk, it's a goddamn sneer. It's like it's laughing at us and just betting us to buy more calls. To say the volatility is heavily skewed to the call side would be an understatement. Some traders see this as the market is favoring an upside move, some see it as a better chance of a reversal when the market gets too lopsided like this. The IV crush on these calls will be massive post-ER. Again, take it as you choose.

https://preview.redd.it/03zmlxjdoujc1.png?width=1907&format=png&auto=webp&s=5051f33ba8ef0a9ac86c0e5703579567c51a430f

&#x200B;"
It‚Äôs been fun. ü´°,68,1c2ei7g,https://i.redd.it/p10rmf41z2uc1.jpeg,52,2024-04-12 22:37:48,"Started with a massive loss on Lunr, then Nvda, now Spy. "
Rocket Labs USA,40,1asgiye,https://www.reddit.com/r/wallstreetbets/comments/1asgiye/rocket_labs_usa/,71,2024-02-17 00:29:15,"Rocket Lab is a private aerospace manufacturer and small satellite launch service provider that has gained attention in recent years for its innovative approach to space launch. 

Attention has been slowing down a bit and there's been some dead cat accusations, so I thought I'd do a short write up on why I'm full port. 

When I'm drunk in USVI lounging and binging star trek, I'll think of you guys. 

Short Term Bull Case: 

1. Rapid Launch Capability: Rocket Lab's Electron rocket has made a name for itself as one of the most frequent launch vehicles in the industry, with a fast and flexible launch schedule that enables it to quickly place satellites into orbit. 

2. Diverse Customer Base: Rocket Lab has established a solid customer base with a diverse range of clients from government agencies to commercial enterprises, contributing to a steady stream of launch contracts. 

3. Strong Financial Backing: The company has received significant investments from various sources, including venture capital firms and government contracts, providing the necessary financial support for its ambitious goals. 

4. Expanding Launch Facilities: Rocket Lab has been expanding its launch facilities with additional launch pads, such as Launch Complex 2 in the United States, which increases its launch capacity and geographic reach. 

5. Advanced Technology: Rocket Lab's focus on innovation and advanced technology, such as its 3D-printed Rutherford engines and Photon satellite platform, sets it apart from competitors and positions it well for future growth. 

Long Term Bull Case: 

6. Sustainable Launch Costs: Rocket Lab's commitment to reducing launch costs through mass production and efficient manufacturing processes could make it a competitive choice for small satellite launches in the long term. 

7. Space Exploration Opportunities: With the increasing interest in space exploration and satellite deployment, Rocket Lab's services may become even more valuable as new markets and opportunities emerge. 

8. Potential for Reusable Rockets: Rocket Lab has announced plans to develop a reusable version of its Electron rocket, which could further drive down launch costs and increase its competitiveness. 

9. Commitment to Sustainability: The company's focus on sustainability, including plans to mitigate space debris and utilize electric propulsion, aligns with growing societal and regulatory concerns about environmental impact. 

10. Strategic Partnerships: Rocket Lab has formed partnerships with other aerospace companies and government agencies, positioning itself to take advantage of collaborative opportunities and leverage combined resources for future missions. 

Bear Case: 

Despite its successes, Rocket Lab faces potential challenges, such as increased competition from other small satellite launch providers, technological setbacks, or unforeseen market shifts that could impact its growth trajectory. 

Rocket Lab's missions include deployments for various clients, such as commercial imaging satellites, weather observation satellites, and scientific research payloads. 

Rocket Lab's rapid launch capability, diverse customer base, advanced technology, and potential for long-term growth position it favorably in the competitive space launch industry. 

Space is the final frontier boyos, the value in this and tbh $LUNR can't be overlooked."
Most money I've ever made :),104,1fnwh8x,https://www.reddit.com/r/wallstreetbets/comments/1fnwh8x/most_money_ive_ever_made/,12,2024-09-24 03:21:45,"https://preview.redd.it/6dxm9f7mqmqd1.png?width=1055&format=png&auto=webp&s=fb1705a7bf7e9c43816f9449073ffd146d55f859

https://preview.redd.it/hbkhik3uqmqd1.png?width=593&format=png&auto=webp&s=3864bced63ff6729e734c9f4775fb95761342f24

I need to stay away from ORCL. A lot of the +1's were ""keep an eye on it"" buys.  The +40 SPY 0DTE was a regard moment, I thought I was buying it for next Friday, but I forgot to change the date lol as soon as I had a profit I dipped out."
I'm so regarded I don't know what I did,7,1fllrer,https://www.reddit.com/gallery/1fllrer,21,2024-09-21 01:59:29,This is all Sim account on webull. I've been trying to learn and bought an option (long I think) then tried to cancel but couldn't. Then tried to sell to close and did that twice which put me short the long option I bought (maybe) then I tried to buy shares to close the short option? And bout 200 shares. Now webull Sim is telling me my average price is 8 cent a share. What did I do and how do I do this again? Or is this a bug in the app? 
Intuitive Machines YOLO - Sold 10$ P LEAPs Jan1527,0,1ft05fd,https://i.redd.it/364tink96zrd1.png,19,2024-09-30 22:12:02,
Am I cooked?,26,1aygths,https://i.redd.it/anrkvrweifkc1.jpeg,55,2024-02-24 06:06:28,LUNR victim here 
Literal rockets too the moon,40,1fr0sh3,https://i.redd.it/878noq1cpfrd1.jpeg,13,2024-09-28 04:43:01,
How am I doing this week?,42,1fp6web,https://i.redd.it/fnu6p6d22zqd1.jpeg,13,2024-09-25 20:44:06,"NVDA MU AND INTC BULL WEEK LOL
Don‚Äôt mind the first line"
First yolo,27,1ayb7qg,https://i.redd.it/raovh5g6dekc1.jpeg,51,2024-02-24 02:15:22,
I belong here. ,49,1bwsldr,https://i.redd.it/fgg51kwg3qsc1.jpeg,37,2024-04-06 02:15:22,
Made 10k Gambling on SPY,149,1bwvxll,https://www.reddit.com/gallery/1bwvxll,22,2024-04-06 04:29:42,Got back into the game and lost $800 with LUNR calls. Decided I'd gamble my last $200 on SPY 0dte & 1dte puts & calls this week.
Have become extremely interested in Rocket Lab USA lately here my reasons RKLB,47,1245e5e,https://www.reddit.com/r/wallstreetbets/comments/1245e5e/have_become_extremely_interested_in_rocket_lab/,95,2023-03-28 05:15:34,"Rocket Lab is a small satellite launch service and space systems company with 2 successful launches in the last week. They have 15 successful launches in a row with out failure totaling 32/35 successful launches . They are developing the Neutron rocket which will directly compete in the same weight class that the falcon 9 is capable of launching, they have their own launch pad in New Zealand and Virgina. Their market cap is 1.8bn when neutron launches and if without fail , this company has 20x potential. I‚Äôm no financial advisor but I love this stock"
Boeing vs SpaceX: who will win & how to play it?,4,1ezgydh,https://www.reddit.com/r/wallstreetbets/comments/1ezgydh/boeing_vs_spacex_who_will_win_how_to_play_it/,16,2024-08-23 21:51:37,"Seems like tomorrow is going to be a big day for Boeing and SpaceX. How would you play this news? Buy puts on Boeing?

  
[NASA to decide Saturday whether astronauts will ride Boeing‚Äôs Starliner home ‚Äî or use SpaceX‚Äôs Dragon instead=1](https://techcrunch.com/2024/08/22/nasa-to-decide-saturday-whether-astronauts-will-ride-boeings-starliner-home-or-use-spacexs-dragon-instead/?utm_campaign=tc_daily_am&utm_medium=newsletter&_hsenc=p2ANqtz-8MrVfW7ByReroiJ8D5EyoH5SveKTiu_bHxzaZ6UP1_TBsgk1LYoNpn2N_ZiL78QGxoqoTh-ZyfNyFFOnmVYuEhuBLZJA&_hsmi=321421066&utm_source=tc&guccounter=1)"
I'll see yall behind wendys,18,1foibt7,https://i.redd.it/c3t4kj1fmsqd1.jpeg,9,2024-09-24 23:05:42,
I‚Äôm everything you aspire to be,32,1d53fxg,https://i.redd.it/15ijklyq8t3d1.jpeg,25,2024-06-01 00:35:47,Lost money on weed stocks and LUNR but made it all back and then some on ASTS and MSTR
Nvda gains,24,1eyjxh2,https://www.reddit.com/r/wallstreetbets/comments/1eyjxh2/nvda_gains/,13,2024-08-22 19:24:40,"Cashing out a little. Building up more lunr. Dont let your dreams be dreams you lovable degenerates

https://imgur.com/a/JXvvFg4"
NVIDIA again üíö ,60,1ay29ho,https://i.redd.it/wkr3lhgmlckc1.jpeg,27,2024-02-23 20:19:06,"Sold 1 letting the other two rock out and hopefully make this a 30 bagger üôè felt good to be on the right side of one of these for a change. THANK YOU PAPA JENSEN üíö

 Now time dump gains on LUNR üöÄüåï
"
Probes on the Moon!,29,1fjv85r,https://i.redd.it/flvmnayd3lpd1.jpeg,5,2024-09-18 20:42:27,"Finally get to post on here! Now the true hard part‚Ä¶ stay off the Loss post.

22K YOLO on LUNR options, mostly 18 Oct $6 calls. +60K  ü§ëüéâ"
Don‚Äôt trade in the red - delete instead! Deleting the app works fellow regards,18,1fpxg5c,https://www.reddit.com/gallery/1fpxg5c,3,2024-09-26 19:54:45,"Let me keep it simple for you. 
Lost money. 
Deleted app. 
New phone.
Redownloaded app. 
Logged back in. 
Gains. 
Started trading again. 

Thanks for the split and gains NVIDIA. 
"
Changes ,22,1f9av3i,https://i.redd.it/ghj4dehbcwmd1.jpeg,5,2024-09-05 07:19:44,"I sold my NVIDIA position, I hate the red color  "
Bright spot in a gloomy day,8,1fqvfiu,https://i.redd.it/30gbvmo6herd1.png,2,2024-09-28 00:35:34,"Just wanted to thank you guys for showing LUNR. While I do not have the huevos to do options, I do appreciate the stock ‚ò∫Ô∏è"
Thank You for your market orders,0,1fjzxuu,https://www.reddit.com/r/wallstreetbets/comments/1fjzxuu/thank_you_for_your_market_orders/,2,2024-09-18 23:59:06,"  
Little bit of patting myself on the back today, and consolation for past losses.  Thank you for whoever bought VRT 1/17 @ 77.5 and LUNR 11/2 @ 11 calls today with market orders and not limit orders, my limit sells appreciate you very much.  
  
This morning on the bump I sold several contracts of VRT at $19.90, and around the same time I sold a single covered call for VRT at $1.25, and then about 30 minutes ago I sold a bunch of ASTS contracts that were going to expire next week for $4.70 (yes I know I held too long and missed out on a lot of gains in days prior).  
  
As of posting this, all three transactions are still the high price for the day.  


TLDR, I sold some contracts today at the high for the day (so far, still 1.5 hours to go) and I'm in a great mood, feeling very not regarded for once.  


https://preview.redd.it/jedtn0xu0mpd1.png?width=792&format=png&auto=webp&s=a57ab2cf3624c38ab37e2c7f04e7d0774961e043

https://preview.redd.it/6dqjje8tylpd1.png?width=833&format=png&auto=webp&s=10a05ad702da30bd3234797f66ac8fbd5d73240b

https://preview.redd.it/e9hxfgduylpd1.png?width=796&format=png&auto=webp&s=04b1c13f72168594cfdf099fa056c6a4775f1ccb

"
SMCI Bulls Are ü§°ü§°,30,1ay928m,https://www.reddit.com/gallery/1ay928m,24,2024-02-24 00:47:41,I can't believe it did the same thing two Fridays in a row.
Small Win - LUNRW $5000 Gain in 2 hours - Timed Day High/Low Perfectly!,27,1b1m3jx,https://i.redd.it/5o2zyxrst6lc1.png,13,2024-02-28 01:59:12,
4100 good day,2,1ay6t95,https://www.reddit.com/gallery/1ay6t95,16,2024-02-23 23:18:24,Bought nvda calls at open sold em at 820 bought some smci up to 993 then puts at 880 down to 660.  Now I‚Äôm just colllecting premiums
Is it smart to do these ITM Far exp date calls,8,1b2dkdv,https://i.redd.it/3yyaitnoedlc1.jpeg,12,2024-02-29 00:06:09,
$Nok Yolo on 5g emissions,6,1axhtkq,https://i.redd.it/vfrf2yomc7kc1.jpeg,3,2024-02-23 02:39:49,"Fuckkk itt dudee, they just partnered with intel and nvidia to reduce emissions on high bandwidth. Holding until 4/20 blaze it! 
"
